{"name": ["\u7f57\u751f\u95e8"], "author": "\u82a5\u5ddd\u9f99\u4e4b\u4ecb", "img_url": ["https://images-cn.ssl-images-amazon.com/images/I/71HJ6Rk0kTL._SL500_SR200,200_.jpg"]}
{"name": ["\u9ad8\u96be\u5ea6\u6c9f\u901a:\u9ebb\u7701\u7406\u5de5\u9ad8\u4eba\u6c14\u6c9f\u901a\u8bfe"], "author": "\u8d3e\u68ee\u00b7\u6770\u4f0a", "img_url": ["https://images-cn.ssl-images-amazon.com/images/I/71MAvCcbT7L._SL500_SR200,200_.jpg"]}
{"name": ["\u770b\u4eba\u7684\u827a\u672f:11\u79cd\u4ee5\u7269\u8bc6\u4eba\u672f,\u770b\u4eba\u770b\u5230\u9aa8\u5b50\u91cc"], "author": "\u5c71\u59c6\u00b7\u9ad8\u65af\u6797", "img_url": ["https://images-cn.ssl-images-amazon.com/images/I/816t6SBXpbL._SL500_SR200,200_.jpg"]}
{"name": ["\u539f\u5219(\u7b80\u4f53\u4e2d\u6587\u7248)"], "author": "\u745e\u00b7\u8fbe\u5229\u6b27", "img_url": ["https://images-cn.ssl-images-amazon.com/images/I/815eOV4-v%2BL._SL500_SR200,200_.jpg"]}
{"name": ["\u4e16\u754c\u7f8e\u672f\u540d\u4f5c\u4e8c\u5341\u8bb2(\u4fee\u8ba2\u7248)(\u5f69\u8272\u5178\u85cf\u7248)"], "author": "\u5085\u96f7", "img_url": ["https://images-cn.ssl-images-amazon.com/images/I/81G%2BRs63ugL._SL500_SR200,200_.jpg"]}
{"name": ["\u6d3b\u7740\u672c\u6765\u5355\u7eaf:\u4e30\u5b50\u607a\u6563\u6587\u6f2b\u753b\u7cbe\u54c1\u96c6(\u6536\u85cf\u672c)"], "author": "\u4e30\u5b50\u607a", "img_url": ["https://images-cn.ssl-images-amazon.com/images/I/61D02zbM1oL._SL500_SR200,200_.jpg"]}
{"name": ["\u6211\u7684\u7b2c\u4e00\u672c\u4e13\u6ce8\u529b\u8bad\u7ec3\u4e66\uff08\u4e13\u6ce8\u7684\u5b69\u5b50\u66f4\u806a\u660e\uff09"], "author": "\u7f8e\u56fd\u8fea\u58eb\u5c3c\u516c\u53f8", "img_url": ["https://images-cn.ssl-images-amazon.com/images/I/91HK0GqTBhL._SL500_SR200,200_.jpg"]}
{"name": ["\u8fd9\u4e48\u6162,\u90a3\u4e48\u7f8e"], "author": "\u7f57\u6577", "img_url": ["https://images-cn.ssl-images-amazon.com/images/I/71rgcn-GZRL._SL500_SR200,200_.jpg"]}
{"name": ["\u6211\u4eec\u5185\u5fc3\u7684\u51b2\u7a81"], "author": "\u5361\u4f26\u00b7\u970d\u59ae", "img_url": ["https://images-cn.ssl-images-amazon.com/images/I/71M%2BL3sh2uL._SL500_SR200,200_.jpg"]}
{"name": ["\u4eba\u7c7b\u7684\u6545\u4e8b(\u666e\u5229\u7b56\u5956\u8bd1\u8005\u7cbe\u8bd1\u7279\u522b\u7248)"], "author": "\u4ea8\u5fb7\u91cc\u514b\u00b7\u5a01\u5ec9\u00b7\u623f\u9f99", "img_url": ["https://images-cn.ssl-images-amazon.com/images/I/51x5q-SCPML._SL500_SR200,200_.jpg"]}
{"name": ["\u70df\u706b\u4eba\u95f4(\u8001\u820d\u7ecf\u5178\u4f5c\u54c1\u7cbe\u9009\u96c6\u7eaa\u5ff5\u73cd\u85cf\u7248)"], "author": "\u8001\u820d", "img_url": ["https://images-cn.ssl-images-amazon.com/images/I/51Pky5nrQTL._SL500_SR200,200_.jpg"]}
{"name": ["\u80fd\u529b\u90fd\u662f\u903c\u51fa\u6765\u7684"], "author": "\u5e03\u5170\u767b\u00b7\u4f2f\u67e5\u5fb7", "img_url": ["https://images-cn.ssl-images-amazon.com/images/I/61sF0RIsyiL._SL500_SR200,200_.jpg"]}
{"name": ["\u5c40\u5916\u4eba(\u8bfa\u8d1d\u5c14\u6587\u5b66\u595660\u5468\u5e74\u7eaa\u5ff5\u7248)"], "author": "\u52a0\u7f2a", "img_url": ["https://images-cn.ssl-images-amazon.com/images/I/61T1rew8JGL._SL500_SR200,200_.jpg"]}
{"name": ["\u6708\u4eae\u4e0e\u516d\u4fbf\u58eb(\u4f5c\u5bb6\u699c\u5168\u65b0\u8bd1\u672c\u2022\u672a\u5220\u8282\u63d2\u56fe\u73cd\u85cf\u7248)"], "author": "\u6bdb\u59c6", "img_url": ["https://images-cn.ssl-images-amazon.com/images/I/71MuUNhXDdL._SL500_SR200,200_.jpg"]}
{"name": ["\u5047\u5982\u771f\u6709\u65f6\u5149\u673a"], "author": "\u6751\u4e0a\u6625\u6811", "img_url": ["https://images-cn.ssl-images-amazon.com/images/I/71QDFR9T5hL._SL500_SR200,200_.jpg"]}
{"name": ["\u6162\u716e\u751f\u6d3b"], "author": "\u6c6a\u66fe\u797a", "img_url": ["https://images-cn.ssl-images-amazon.com/images/I/61cnFDpe3ML._SL500_SR200,200_.jpg"]}
{"name": ["\u4e09\u4f53(1-3)(\u5957\u88c5\u51713\u518c)"], "author": "\u5218\u6148\u6b23", "img_url": ["https://images-cn.ssl-images-amazon.com/images/I/81%2BuDkMM-ML._SL500_SR200,200_.jpg"]}
{"name": ["\u534a\u5c0f\u65f6\u6f2b\u753b\u4e16\u754c\u53f2"], "author": "\u9648\u78ca", "img_url": ["https://images-cn.ssl-images-amazon.com/images/I/915eXcOFCtL._SL500_SR200,200_.jpg"]}
{"name": ["\u4f5b\u7cfb:\u5982\u4f55\u6210\u4e3a\u4e00\u4e2a\u5feb\u4e50\u7684\u4eba"], "author": "\u8349\u454c\u9f99\u77ac", "img_url": ["https://images-cn.ssl-images-amazon.com/images/I/71scwIy2dXL._SL500_SR200,200_.jpg"]}
{"name": ["\u54c8\u4f5b\u8c08\u5224\u5fc3\u7406\u5b66:\u54c8\u4f5b\u5927\u5b66\u8c08\u5224\u9879\u76ee\u7ec4\u5168\u65b0\u6210\u679c(\u5168\u65b0\u4fee\u8ba2\u7248)"], "author": "\u827e\u8389\u5361\u00b7\u7231\u745e\u513f\u00b7\u798f\u514b\u65af", "img_url": ["https://images-cn.ssl-images-amazon.com/images/I/71EWkmbuz7L._SL500_SR200,200_.jpg"]}
{"name": ["\u9006\u5411\u7ba1\u7406:\u5148\u884c\u52a8\u540e\u601d\u8003(\u518d\u7248)"], "author": "\u57c3\u7c73\u5c3c\u4e9a\u00b7\u4f0a\u8d1d\u62c9", "img_url": ["https://images-cn-4.ssl-images-amazon.com/images/I/71DRdjYUALL._SL500_SR200,200_.jpg"]}
{"name": ["\u751f\u5982\u590f\u82b1:\u6cf0\u6208\u5c14\u7ecf\u5178\u8bd7\u9009(\u6cf0\u6208\u5c14\u8bde\u8fb0150\u5468\u5e74\u73cd\u85cf\u7248)"], "author": "\u6cf0\u6208\u5c14", "img_url": ["https://images-cn.ssl-images-amazon.com/images/I/81o-oyagXXL._SL500_SR200,200_.jpg"]}
{"name": ["\u9ad8\u5174\u6b7b\u4e86!!!"], "author": "\u73cd\u59ae\u2022\u7f57\u68ee(Jenny Lawson)", "img_url": ["https://images-cn.ssl-images-amazon.com/images/I/A10vvSg7DnL._SL500_SR200,200_.jpg"]}
{"name": ["\u81ea\u63a7\u529b(\u65af\u5766\u798f\u5927\u5b66\u5e7f\u53d7\u6b22\u8fce\u5fc3\u7406\u5b66\u8bfe\u7a0b)"], "author": "\u51ef\u5229\u00b7\u9ea6\u683c\u5c3c\u683c\u5c14", "img_url": ["https://images-cn.ssl-images-amazon.com/images/I/61VHSMt2-9L._SL500_SR200,200_.jpg"]}
{"name": ["\u6781\u7b80:\u5728\u4f60\u62e5\u6709\u7684\u4e00\u5207\u4e4b\u4e0b,\u53d1\u73b0\u4f60\u60f3\u8981\u7684\u751f\u6d3b\uff08\u5c01\u9762\u968f\u673a\uff09"], "author": "\u4e54\u8212\u4e9a\u2022\u8d1d\u514b\u5c14 (Joshua  \u0085", "img_url": ["https://images-cn.ssl-images-amazon.com/images/I/61%2B0ewUrUfL._SL500_SR200,200_.jpg"]}
{"name": ["\u8bd7\u7ecf(\u98ce\u96c5\u9882\u4e09\u5377)(\u5168\u6ce8\u91ca\u5168\u5f69\u63d2\u56fe)(\u5957\u88c5\u51713\u518c)"], "author": "\u9a86\u7389\u660e", "img_url": ["https://images-cn.ssl-images-amazon.com/images/I/611CzmNM%2BKL._SL500_SR200,200_.jpg"]}
{"name": ["\u623f\u601d\u742a\u7684\u521d\u604b\u4e50\u56ed"], "author": "\u6797\u5955\u542b", "img_url": ["https://images-cn.ssl-images-amazon.com/images/I/51xs6g%2B6VaL._SL500_SR200,200_.jpg"]}
{"name": ["\u82b1\u95f4\u96c6"], "author": "\u6e29\u5ead\u7b60", "img_url": ["https://images-cn.ssl-images-amazon.com/images/I/61XReJIccXL._SL500_SR200,200_.jpg"]}
{"name": ["\u89e3\u5fe7\u6742\u8d27\u5e97"], "author": "\u4e1c\u91ce\u572d\u543e", "img_url": ["https://images-cn.ssl-images-amazon.com/images/I/91VhLsQCfsL._SL500_SR200,200_.jpg"]}
{"name": ["\u6211\u4eec\u4ee8"], "author": "\u6768\u7edb", "img_url": ["https://images-cn.ssl-images-amazon.com/images/I/41pi7pBzTcL._SL500_SR200,200_.jpg"]}
{"name": ["\u8fd9\u96be\u5f97\u7684\u4e16\u95f4(\u5085\u96f7\u4f5c\u54c1\u7cbe\u9009\u96c6\u5f69\u63d2\u7eaa\u5ff5\u7248)"], "author": "\u5085\u96f7", "img_url": ["https://images-cn.ssl-images-amazon.com/images/I/71dJUg7iqVL._SL500_SR200,200_.jpg"]}
{"name": ["\u9886\u5bfc\u529b\u768436\u4e2a\u5173\u952e"], "author": "\u6234\u5b89\u5a1c\u00b7\u5e03\u8d6b", "img_url": ["https://images-cn.ssl-images-amazon.com/images/I/71XxMJ1FyAL._SL500_SR200,200_.jpg"]}
{"name": ["\u4e16\u754c\u77e5\u540d\u4f01\u4e1a\u5458\u5de5\u6307\u5b9a\u57f9\u8bad\u6559\u6750:\u6240\u8c13\u60c5\u5546\u9ad8,\u5c31\u662f\u4f1a\u8bf4\u8bdd"], "author": "\u4f50\u4f50\u6728\u572d\u4e00", "img_url": ["https://images-cn.ssl-images-amazon.com/images/I/71S4HdOgnJL._SL500_SR200,200_.jpg"]}
{"name": ["\u5929\u624d\u5728\u5de6\u75af\u5b50\u5728\u53f3(\u5b8c\u6574\u7248)"], "author": "\u9ad8\u94ed", "img_url": ["https://images-cn.ssl-images-amazon.com/images/I/81ss7jrzfzL._SL500_SR200,200_.jpg"]}
{"name": ["\u89c1\u8bc6"], "author": "\u5434\u519b", "img_url": ["https://images-cn.ssl-images-amazon.com/images/I/71YUd16NyEL._SL500_SR200,200_.jpg"]}
{"name": ["\u56f4\u57ce"], "author": "\u94b1\u949f\u4e66", "img_url": ["https://images-cn-4.ssl-images-amazon.com/images/I/51G8wGPoHgL._SL500_SR200,200_.jpg"]}
{"name": ["\u4e0d\u4f1a\u8bb2\u6545\u4e8b,\u600e\u4e48\u5e26\u56e2\u961f"], "author": "\u8096\u6069\u00b7\u5361\u62c9\u6c49", "img_url": ["https://images-cn.ssl-images-amazon.com/images/I/714gGNhbshL._SL500_SR200,200_.jpg"]}
{"name": ["\u6d6e\u751f\u516d\u8bb0(\u5168\u65b0\u7cbe\u8bd1\u672c)"], "author": "\u6c88\u590d", "img_url": ["https://images-cn-4.ssl-images-amazon.com/images/I/61hRnsDQzcL._SL500_SR200,200_.jpg"]}
{"name": ["\u4e2d\u56fd\u901a\u53f2"], "author": "\u5415\u601d\u52c9", "img_url": ["https://images-cn.ssl-images-amazon.com/images/I/618M1BpjlBL._SL500_SR200,200_.jpg"]}
{"name": ["\u88ab\u5acc\u5f03\u7684\u677e\u5b50\u7684\u4e00\u751f"], "author": "\u5c71\u7530\u5b97\u6811", "img_url": ["https://images-cn.ssl-images-amazon.com/images/I/81oaXeUeTPL._SL500_SR200,200_.jpg"]}
{"name": ["\u7ec8\u8eab\u5b66\u4e60:10\u4e2a\u4f60\u5fc5\u987b\u638c\u63e1\u7684\u672a\u6765\u751f\u5b58\u6cd5\u5219"], "author": "\u4e39\u00b7\u82cf\u5229\u6587", "img_url": ["https://images-cn.ssl-images-amazon.com/images/I/71hgjlMC5SL._SL500_SR200,200_.jpg"]}
{"name": ["\u5b9d\u5b9d\u7b2c\u4e00\u5957\u597d\u6027\u683c\u517b\u6210\u4e66:\u76ae\u7279\u732b(\u5957\u88c5\u51716\u518c)"], "author": "\u827e\u745e\u514b\u00b7\u5229\u6e29 (Eric Lit \u0085", "img_url": ["https://images-cn.ssl-images-amazon.com/images/I/81UhVjaYFkL._SL500_SR200,200_.jpg"]}
{"name": ["\u67aa\u70ae\u3001\u75c5\u83cc\u4e0e\u94a2\u94c1:\u4eba\u7c7b\u793e\u4f1a\u7684\u547d\u8fd0(\u4fee\u8ba2\u7248)"], "author": "\u8d3e\u96f7\u5fb7\u2022\u6234\u8499\u5fb7 (Jared   \u0085", "img_url": ["https://images-cn.ssl-images-amazon.com/images/I/812b8yehXcL._SL500_SR200,200_.jpg"]}
{"name": ["\u5f71\u54cd\u529b(\u7ecf\u5178\u7248)"], "author": "\u7f57\u4f2f\u7279\u00b7B.\u897f\u5965\u8fea\u5c3c", "img_url": ["https://images-cn.ssl-images-amazon.com/images/I/71xwcR1c1sL._SL500_SR200,200_.jpg"]}
{"name": ["\u83ca\u4e0e\u5200(70\u5468\u5e74\u7eaa\u5ff5\u7248)"], "author": "\u9c81\u601d\u00b7\u672c\u5c3c\u8fea\u514b\u7279", "img_url": ["https://images-cn.ssl-images-amazon.com/images/I/714UoISMM6L._SL500_SR200,200_.jpg"]}
{"name": ["\u534a\u5c0f\u65f6\u6f2b\u753b\u4e2d\u56fd\u53f2(\u4fee\u8ba2\u7248)"], "author": "\u4e8c\u6df7\u5b50", "img_url": ["https://images-cn.ssl-images-amazon.com/images/I/81SieoU3-jL._SL500_SR200,200_.jpg"]}
{"name": ["\u5b64\u72ec\u662f\u751f\u547d\u7684\u793c\u7269"], "author": "\u4f59\u5149\u4e2d", "img_url": ["https://images-cn.ssl-images-amazon.com/images/I/717zgfvL4mL._SL500_SR200,200_.jpg"]}
{"name": ["\u5c0f\u5c41\u5b69\u6811\u5c4b\u5386\u9669\u8bb0(\u5957\u88c5\u51713\u518c) \u4e00\u5957\u8ba9\u5b69\u5b50\u4eec\u201c\u8111\u6d1e\u5927\u5f00\u201d\u7684\u6781\u9650\u60f3\u8c61\u529b\u5192\u9669\u56fe\u753b\u6545\u4e8b\u4e66"], "author": "\u5b89\u8fea\u00b7\u683c\u91cc\u83f2\u601d", "img_url": ["https://images-cn.ssl-images-amazon.com/images/I/81ObNt0U2lL._SL500_SR200,200_.jpg"]}
{"name": ["\u8ffd\u98ce\u7b5d\u7684\u4eba"], "author": "\u5361\u52d2\u5fb7\u2022\u80e1\u8d5b\u5c3c (Khaled  \u0085", "img_url": ["https://images-cn.ssl-images-amazon.com/images/I/71xs4UanhfL._SL500_SR200,200_.jpg"]}
{"name": ["\u9ece\u660e\u4e4b\u8857"], "author": "\u4e1c\u91ce\u572d\u543e", "img_url": ["https://images-cn.ssl-images-amazon.com/images/I/81nq3y0SGEL._SL500_SR200,200_.jpg"]}
