a,text
"
            3D镜面绘本:今天吃什么+不可思议的彩虹(套装共2册)
        ,
            小手翻翻:给2-4岁孩子的纸上戏剧
        ,
            我的第一本专注力训练书（专注的孩子更聪明）
        ,
            超好玩的立体翻翻书:车辆动起来+船舶动起来(套装共2册)
        ,
            你一定找不到(套装共4册)
        ,
            我的第一套拉鲁斯百变互动小百科(套装共3册)
        ,
            儿童情绪管理与性格培养绘本(精选版)(套装共38册)
        ,
            原则(简体中文版)
        ,
            罗生门
        ,
            肚子里有个火车站+牙齿大街新鲜事+皮肤国的大麻烦(套装共3册)
        ,
            慢煮生活
        ,
            高难度沟通:麻省理工高人气沟通课
        ,
            0-3岁触摸立体翻翻书:和小鸡球球一起玩(套装共6册)
        ,
            看人的艺术:11种以物识人术,看人看到骨子里
        ,
            半小时漫画世界史
        ,
            高兴死了!!!
        ,
            世界美术名作二十讲(修订版)(彩色典藏版)
        ,
            月亮与六便士(作家榜全新译本•未删节插图珍藏版)
        ,
            林明子成长系列绘本(套装共5册)
        ,
            经典低幼情绪绘本:非常熊系列(附主题贴纸一张)(套装共5册)
        ,
            手绘版儿童科普书:幼儿十万个为什么(套装共7册)
        ,
            喂,亲爱的世界:鼠小弟的成长初体验绘本系列
        ,
            宝宝第一套好性格养成书:皮特猫(套装共6册)
        ,
            活着本来单纯:丰子恺散文漫画精品集(收藏本)
        ,
            创意大师拉拉翻翻大惊喜系列(套装共7册)
        ,
            人类简史(绘本版):给孩子的世界历史超图解
        ,
            小小小小的火
        ,
            三体(1-3)(套装共3册)
        ,
            半小时漫画中国史(修订版)
        ,
            不一样的卡梅拉(1-12)(第1季)(套装共12册)(两种封面 随机发货)
        ,
            能力都是逼出来的
        ,
            DK儿童百科全书
        ,
            DK编程真好玩：6岁开始学Scratch
        ,
            半小时漫画中国史2(签章版)
        ,
            局外人(诺贝尔文学奖60周年纪念版)
        ,
            天才在左疯子在右(完整版)
        ,
            DK儿童太空百科全书
        ,
            见识
        ,
            烟火人间(老舍经典作品精选集纪念珍藏版)
        ,
            自控力(斯坦福大学广受欢迎心理学课程)
        ,
            偷偷看里面(套装共4册)
        ,
            我们内心的冲突
        ,
            大国宪制:历史中国的制度构成
        ,
            小屁孩树屋历险记(套装共3册) 一套让孩子们“脑洞大开”的极限想象力冒险图画故事书
        ,
            丝绸之路:一部全新的世界史
        ,
            这么慢,那么美
        ,
            岛上书店(两种封面随机发货)
        ,
            佛系:如何成为一个快乐的人
        ,
            无声告白（简体中文）
        ,
            花间集
        ","https://images-cn.ssl-images-amazon.com/images/I/71L-cPEg-4L._SL500_SR200,200_.jpg,https://images-cn.ssl-images-amazon.com/images/I/91GaXwA0VgL._SL500_SR200,200_.jpg,https://images-cn.ssl-images-amazon.com/images/I/91HK0GqTBhL._SL500_SR200,200_.jpg,https://images-cn.ssl-images-amazon.com/images/I/71pmINdjF5L._SL500_SR200,200_.jpg,https://images-cn.ssl-images-amazon.com/images/I/81IbJGxMUXL._SL500_SR200,200_.jpg,https://images-cn.ssl-images-amazon.com/images/I/714Y0hq%2BQVL._SL500_SR200,200_.jpg,https://images-cn.ssl-images-amazon.com/images/I/91zQ2m01ugL._SL500_SR200,200_.jpg,https://images-cn.ssl-images-amazon.com/images/I/815eOV4-v%2BL._SL500_SR200,200_.jpg,https://images-cn.ssl-images-amazon.com/images/I/71HJ6Rk0kTL._SL500_SR200,200_.jpg,https://images-cn.ssl-images-amazon.com/images/I/51z40QXC7SL._SL500_SR200,200_.jpg,https://images-cn.ssl-images-amazon.com/images/I/61cnFDpe3ML._SL500_SR200,200_.jpg,https://images-cn.ssl-images-amazon.com/images/I/71MAvCcbT7L._SL500_SR200,200_.jpg,https://images-cn.ssl-images-amazon.com/images/I/611LZZ2-IkL._SL500_SR200,200_.jpg,https://images-cn.ssl-images-amazon.com/images/I/816t6SBXpbL._SL500_SR200,200_.jpg,https://images-cn.ssl-images-amazon.com/images/I/915eXcOFCtL._SL500_SR200,200_.jpg,https://images-cn.ssl-images-amazon.com/images/I/A10vvSg7DnL._SL500_SR200,200_.jpg,https://images-cn.ssl-images-amazon.com/images/I/81G%2BRs63ugL._SL500_SR200,200_.jpg,https://images-cn.ssl-images-amazon.com/images/I/71MuUNhXDdL._SL500_SR200,200_.jpg,https://images-cn.ssl-images-amazon.com/images/I/71GqsNjkHlL._SL500_SR200,200_.jpg,https://images-cn.ssl-images-amazon.com/images/I/A1ESjnvKXVL._SL500_SR200,200_.jpg,https://images-cn.ssl-images-amazon.com/images/I/81SOUKSfvpL._SL500_SR200,200_.jpg,https://images-cn.ssl-images-amazon.com/images/I/81hh%2Bz3-YZL._SL500_SR200,200_.jpg,https://images-cn.ssl-images-amazon.com/images/I/81UhVjaYFkL._SL500_SR200,200_.jpg,https://images-cn.ssl-images-amazon.com/images/I/61D02zbM1oL._SL500_SR200,200_.jpg,https://images-cn.ssl-images-amazon.com/images/I/91Y%2BacOdTOL._SL500_SR200,200_.jpg,https://images-cn.ssl-images-amazon.com/images/I/71NIJtul2cL._SL500_SR200,200_.jpg,https://images-cn.ssl-images-amazon.com/images/I/91IiDCsN5ML._SL500_SR200,200_.jpg,https://images-cn.ssl-images-amazon.com/images/I/81%2BuDkMM-ML._SL500_SR200,200_.jpg,https://images-cn.ssl-images-amazon.com/images/I/81SieoU3-jL._SL500_SR200,200_.jpg,https://images-cn.ssl-images-amazon.com/images/I/81G060CwSlL._SL500_SR200,200_.jpg,https://images-cn.ssl-images-amazon.com/images/I/61sF0RIsyiL._SL500_SR200,200_.jpg,https://images-cn.ssl-images-amazon.com/images/I/51OYbea4tbL._SL500_SR200,200_.jpg,https://images-cn.ssl-images-amazon.com/images/I/61piBV-viLL._SL500_SR200,200_.jpg,https://images-cn.ssl-images-amazon.com/images/I/91T5h9X0ksL._SL500_SR200,200_.jpg,https://images-cn.ssl-images-amazon.com/images/I/61T1rew8JGL._SL500_SR200,200_.jpg,https://images-cn.ssl-images-amazon.com/images/I/81ss7jrzfzL._SL500_SR200,200_.jpg,https://images-cn.ssl-images-amazon.com/images/I/61vnSC1AsGL._SL500_SR200,200_.jpg,https://images-cn.ssl-images-amazon.com/images/I/71YUd16NyEL._SL500_SR200,200_.jpg,https://images-cn-4.ssl-images-amazon.com/images/I/51Pky5nrQTL._SL500_SR200,200_.jpg,https://images-cn.ssl-images-amazon.com/images/I/61VHSMt2-9L._SL500_SR200,200_.jpg,https://images-cn.ssl-images-amazon.com/images/I/71bP3Reis1L._SL500_SR200,200_.jpg,https://images-cn.ssl-images-amazon.com/images/I/71M%2BL3sh2uL._SL500_SR200,200_.jpg,https://images-cn.ssl-images-amazon.com/images/I/61ki2tYia8L._SL500_SR200,200_.jpg,https://images-cn.ssl-images-amazon.com/images/I/81ObNt0U2lL._SL500_SR200,200_.jpg,https://images-cn.ssl-images-amazon.com/images/I/910cYPKB4TL._SL500_SR200,200_.jpg,https://images-cn.ssl-images-amazon.com/images/I/71rgcn-GZRL._SL500_SR200,200_.jpg,https://images-cn.ssl-images-amazon.com/images/I/91-rEGfc9nL._SL500_SR200,200_.jpg,https://images-cn.ssl-images-amazon.com/images/I/71scwIy2dXL._SL500_SR200,200_.jpg,https://images-cn.ssl-images-amazon.com/images/I/91CXQ5hd5SL._SL500_SR200,200_.jpg,https://images-cn.ssl-images-amazon.com/images/I/61XReJIccXL._SL500_SR200,200_.jpg"
"
            浮生六记(作家榜插图珍藏版•全本全译全注)
        ,
            正面管教(修订版)
        ,
            非暴力沟通
        ,
            黎明之街
        ,
            心喜阅文学馆:萤火谷的梦想家
        ,
            小王子(法国政府勋章诗人译本•未删减全新珍藏版)
        ,
            逆向管理:先行动后思考(再版)
        ,
            经营者养成笔记
        ,
            解忧杂货店
        ,
            围城
        ,
            人类简史:从动物到上帝(简体中文版)
        ,
            美国儿科学会育儿百科(第6版,2018全新增订)
        ,
            哈佛谈判心理学:哈佛大学谈判项目组全新成果(全新修订版)
        ,
            大侦探福尔摩斯(第1辑)(小学生版)(套装共6册)
        ,
            终身学习:10个你必须掌握的未来生存法则
        ,
            世界知名企业员工指定培训教材:所谓情商高,就是会说话
        ,
            宝宝第一套高情商养成书:皮特猫(第二辑)(套装共6册)
        ,
            宝宝第一套成长书:皮特猫(好性格+高情商)(套装共12册)
        ,
            我们的身体
        ,
            情景洞洞认知书:就是找不到系列(套装共3册)
        ,
            我们仨
        ,
            影响力(经典版)
        ,
            父与子全集(郑渊洁推荐版•亲子共读全彩珍藏本)(附趣味贴纸)
        ,
            未来简史
        ,
            蒲蒲兰绘本馆:小熊宝宝绘本(套装共15册)
        ,
            枪炮、病菌与钢铁:人类社会的命运(修订版)
        ,
            失踪的总统
        ,
            极简:在你拥有的一切之下,发现你想要的生活（封面随机）
        ,
            Python编程 从入门到实践
        ,
            人类的故事(普利策奖译者精译特别版)
        ,
            牧羊少年奇幻之旅
        ,
            培养孩子好性格的80个经典维尼故事(第2版)
        ,
            房思琪的初恋乐园
        ,
            人性的弱点(卡耐基手稿还原版)
        ,
            这难得的世间(傅雷作品精选集彩插纪念版)
        ,
            你一定爱读的极简中国史(作家榜插图珍藏版•全新未删节足本)
        ,
            大侦探福尔摩斯(第3辑)(套装共4册)
        ,
            肯·福莱特世纪三部曲:巨人的陨落(套装共3册)
        ,
            大侦探福尔摩斯(第2辑)(套装共6册)(新版)
        ,
            DK万物运转的秘密:给青少年的物理世界入门书
        ,
            那些比拼命努力更重要的事:哈佛大学研究了75年的幸福课
        ,
            DK儿童恐龙百科全书
        ,
            儒林外史(作家榜插图珍藏版•全新未删节足本)
        ,
            知行合一王阳明(1472-1529)
        ,
            马尔克斯：百年孤独(50周年纪念版)
        ,
            哈利·波特(纪念版)(套装共7册)
        ,
            大卫,不可以!
        ,
            小工程师养成绘本:万能工程师麦克(套装共20册)
        ,
            绝对小孩(3梦拐角)
        ,
            伊索寓言(作家榜插图珍藏版)
        ","https://images-cn.ssl-images-amazon.com/images/I/71B3HJVNZAL._SL500_SR200,200_.jpg,https://images-cn.ssl-images-amazon.com/images/I/71bssldP1pL._SL500_SR200,200_.jpg,https://images-cn.ssl-images-amazon.com/images/I/51vjGcA21kL._SL500_SR200,200_.jpg,https://images-cn.ssl-images-amazon.com/images/I/81nq3y0SGEL._SL500_SR200,200_.jpg,https://images-cn.ssl-images-amazon.com/images/I/514SayqJ-DL._SL500_SR200,200_.jpg,https://images-cn.ssl-images-amazon.com/images/I/8180GPweSwL._SL500_SR200,200_.jpg,https://images-cn.ssl-images-amazon.com/images/I/71DRdjYUALL._SL500_SR200,200_.jpg,https://images-cn.ssl-images-amazon.com/images/I/510YmNF7i2L._SL500_SR200,200_.jpg,https://images-cn.ssl-images-amazon.com/images/I/91VhLsQCfsL._SL500_SR200,200_.jpg,https://images-cn.ssl-images-amazon.com/images/I/51G8wGPoHgL._SL500_SR200,200_.jpg,https://images-cn.ssl-images-amazon.com/images/I/41kzxfYPmiL._SL500_SR200,200_.jpg,https://images-cn.ssl-images-amazon.com/images/I/61qUgdj74EL._SL500_SR200,200_.jpg,https://images-cn.ssl-images-amazon.com/images/I/71EWkmbuz7L._SL500_SR200,200_.jpg,https://images-cn.ssl-images-amazon.com/images/I/91cMm7A9F2L._SL500_SR200,200_.jpg,https://images-cn.ssl-images-amazon.com/images/I/71hgjlMC5SL._SL500_SR200,200_.jpg,https://images-cn.ssl-images-amazon.com/images/I/71S4HdOgnJL._SL500_SR200,200_.jpg,https://images-cn.ssl-images-amazon.com/images/I/A1NVgd%2BPaoL._SL500_SR200,200_.jpg,https://images-cn.ssl-images-amazon.com/images/I/91c4eyLuO-L._SL500_SR200,200_.jpg,https://images-cn.ssl-images-amazon.com/images/I/71qx7E%2ByDSL._SL500_SR200,200_.jpg,https://images-cn.ssl-images-amazon.com/images/I/A1uvUK3c7LL._SL500_SR200,200_.jpg,https://images-cn.ssl-images-amazon.com/images/I/41pi7pBzTcL._SL500_SR200,200_.jpg,https://images-cn.ssl-images-amazon.com/images/I/71xwcR1c1sL._SL500_SR200,200_.jpg,https://images-cn.ssl-images-amazon.com/images/I/71vqoSWt9kL._SL500_SR200,200_.jpg,https://images-cn.ssl-images-amazon.com/images/I/71NIRmykweL._SL500_SR200,200_.jpg,https://images-cn-4.ssl-images-amazon.com/images/I/51sz4rwoWSL._SL500_SR200,200_.jpg,https://images-cn.ssl-images-amazon.com/images/I/812b8yehXcL._SL500_SR200,200_.jpg,https://images-cn-4.ssl-images-amazon.com/images/I/71eqXdxwJML._SL500_SR200,200_.jpg,https://images-cn.ssl-images-amazon.com/images/I/61%2B0ewUrUfL._SL500_SR200,200_.jpg,https://images-cn.ssl-images-amazon.com/images/I/61KdiWq9LmL._SL500_SR200,200_.jpg,https://images-cn.ssl-images-amazon.com/images/I/51x5q-SCPML._SL500_SR200,200_.jpg,https://images-cn.ssl-images-amazon.com/images/I/612ptYtEZNL._SL500_SR200,200_.jpg,https://images-cn.ssl-images-amazon.com/images/I/611N4OOxGUL._SL500_SR200,200_.jpg,https://images-cn.ssl-images-amazon.com/images/I/51xs6g%2B6VaL._SL500_SR200,200_.jpg,https://images-cn.ssl-images-amazon.com/images/I/71H2RaQGr4L._SL500_SR200,200_.jpg,https://images-cn.ssl-images-amazon.com/images/I/71dJUg7iqVL._SL500_SR200,200_.jpg,https://images-cn.ssl-images-amazon.com/images/I/716w8rcNeeL._SL500_SR200,200_.jpg,https://images-cn.ssl-images-amazon.com/images/I/818kdgqW8oL._SL500_SR200,200_.jpg,https://images-cn.ssl-images-amazon.com/images/I/91U3a9dkZNL._SL500_SR200,200_.jpg,https://images-cn.ssl-images-amazon.com/images/I/81HSZOV4PrL._SL500_SR200,200_.jpg,https://images-cn.ssl-images-amazon.com/images/I/71UCgh8YR8L._SL500_SR200,200_.jpg,https://images-cn.ssl-images-amazon.com/images/I/71q512%2B7N4L._SL500_SR200,200_.jpg,https://images-cn.ssl-images-amazon.com/images/I/612KSKXW6rL._SL500_SR200,200_.jpg,https://images-cn.ssl-images-amazon.com/images/I/81SRV63rChL._SL500_SR200,200_.jpg,https://images-cn.ssl-images-amazon.com/images/I/91cwxS%2Bv3vL._SL500_SR200,200_.jpg,https://images-cn.ssl-images-amazon.com/images/I/810WahLVE-L._SL500_SR200,200_.jpg,https://images-cn.ssl-images-amazon.com/images/I/A16kOuUngzL._SL500_SR200,200_.jpg,https://images-cn.ssl-images-amazon.com/images/I/A1gnhaMjenL._SL500_SR200,200_.jpg,https://images-cn.ssl-images-amazon.com/images/I/91%2Bd1ElQMCL._SL500_SR200,200_.jpg,https://images-cn.ssl-images-amazon.com/images/I/81ZABe7FXIL._SL500_SR200,200_.jpg,https://images-cn.ssl-images-amazon.com/images/I/71wo1bSR1QL._SL500_SR200,200_.jpg"
